"Title","Media URL","Pinterest board","Thumbnail","Description","Link","Publish date","Keywords"
"Tablet Lenovo Idea Tab vale a pena para produtividade?","https://raw.githubusercontent.com/FCarvalhoGomes/renda-extra-pinterest/main/pins/01-tablet-lenovo.png","Setup produtivo","","Uma opção prática para estudar, acompanhar reuniões e consultar dashboards. A tela de 11 polegadas e os 8 GB de RAM ajudam no uso diário. Confira a versão e os acessórios incluídos antes de comprar. Publicidade: este Pin contém link de afiliado.","https://www.mercadolivre.com.br/social/fernando_carvalho_ti?matt_word=fernando_carvalho_ti&matt_tool=43605886&forceInApp=true&ref=BHsDtzO4VEP8q42znuV%2Br0Rd50vWaq%2BcLZ06b6zhuRP8rx0NYtekuj%2BLZcDEiDzBpPEzoh4UVEg%2FlBAuuaGC7b%2BDUmWwoL8wZhDn6lyogctMpbzDNiMkj63SaWiAXppbNsAVyZqdF96mlXLkPojQDJj6khB7ybP%2Bqu7%2BEaVLCirz%2BZbxOcZZk%2B7V8WO%2BngupJjojltEHiqLd9gU7%2BMSF5UzVMX8YP2a6WhHmqolkpno%3D","","tablet para produtividade, tablet Lenovo, home office, estudo"
"Notebook Lenovo i7 com 24 GB para trabalhar sem travamentos","https://raw.githubusercontent.com/FCarvalhoGomes/renda-extra-pinterest/main/pins/02-notebook-lenovo.png","Setup produtivo","","Notebook voltado para quem precisa de desempenho em multitarefa. Antes de comprar, confira placa de vídeo, autonomia, peso e configuração exata do anúncio. Publicidade: este Pin contém link de afiliado.","https://www.mercadolivre.com.br/social/fernando_carvalho_ti?matt_word=fernando_carvalho_ti&matt_tool=43605886&forceInApp=true&ref=BHg%2BphVmdBhrr7waKIh4i%2FYSJ052zs%2FEyXSw7FWiOfecUWPW0%2FxVHyKYdgO3d%2FsnzxlgSbpILG4PMeBfdz495GQPuQpQgQ1oUzBkp3MWvYBwBQt4zb8Rl2xySg4gHPkSMiYBC6Poref9oD5icK7lxUcOtzlZ2du4RfpabWfdSWzLW6K96RlKP1VxIdJHlXReqqL8m0s6YINWFX%2B9BsrjPdbehgUrCKPneUIp5A%3D%3D","","notebook Lenovo i7, notebook 24 GB, notebook para trabalho, home office"
"Monitor curvo de 27 polegadas melhora a produtividade?","https://raw.githubusercontent.com/FCarvalhoGomes/renda-extra-pinterest/main/pins/03-monitor-curvo-27.png","Setup produtivo","","Um segundo monitor pode melhorar muito a organização do trabalho. Confira resolução, entradas disponíveis, suporte VESA e o espaço da sua mesa. Publicidade: este Pin contém link de afiliado.","https://www.mercadolivre.com.br/social/fernando_carvalho_ti?matt_word=fernando_carvalho_ti&matt_tool=43605886&forceInApp=true&ref=BLsRrbYBPoQaUU7A54%2F%2FWs2laZORAOq%2FM6K0r2oNvqkT8FFgkYTsH4Nr21IHt06m%2FvvW8JW3UghWQfngZXL%2BmXWkmXGpW5HyPYY5b%2FYO5ijIc%2F6itEiwmApFbHi8xvVb7z4kifGyOHWfWgfr3p13OQTjnOGtfQOJIEjewcX6JSczE4aOkA3cJKv9VB%2FI6w0NY6k2%2B9K7VbTDZ4%2BqVrPHJeTbaAwOJA1nzKxk%2Fg%3D%3D","","monitor curvo 27, segundo monitor, monitor para trabalho, setup produtivo"
"Kit mouse e teclado sem fio para deixar a mesa organizada","https://raw.githubusercontent.com/FCarvalhoGomes/renda-extra-pinterest/main/pins/04-kit-logitech.png","Setup produtivo","","Uma escolha prática para reduzir fios e organizar o setup. Confira padrão do teclado, conexão, alimentação e ergonomia do modelo. Publicidade: este Pin contém link de afiliado.","https://www.mercadolivre.com.br/social/fernando_carvalho_ti?matt_word=fernando_carvalho_ti&matt_tool=43605886&forceInApp=true&ref=BFs0ifVEkmQXw7In65eqO%2FvKYHQsW6FzPQHygPfJZEa9dvRLdEJ%2BKLV0g%2BQZ83Y4NjRoZYYTo6dyB1u27jJbQ9xWsxy4vT2Oo34preQbm3cBItUiw7wLi2HPaoHXmX6QMkLdajCGYRAaNGrZnFsnRuKbL0rCLD2MU2gYwAGBfgn1%2F8W1xRGsISQ5DHI%2BWASSqtcsZWw%3D","","mouse e teclado sem fio, kit Logitech, mesa organizada, home office"
"Fone Bluetooth para trabalhar com mais concentração","https://raw.githubusercontent.com/FCarvalhoGomes/renda-extra-pinterest/main/pins/05-fone-bluetooth.png","Setup produtivo","","Indicado para trabalho, reuniões e estudo. Antes de comprar, confira autonomia, conforto, qualidade do microfone e o tipo de cancelamento de ruído. Publicidade: este Pin contém link de afiliado.","https://www.mercadolivre.com.br/social/fernando_carvalho_ti?matt_word=fernando_carvalho_ti&matt_tool=43605886&forceInApp=true&ref=BGdJVBUEB3GFHYxsJ5G%2BJdiCdGyqJfuySwfKsmHmulJ8UkUNzeJ%2FIjECsSC%2Ff5vIMPyz6Lxc%2FK4OR8cj%2FUUcxNCf7GglDe4hRBeJsSLchHLOcySGjL2hTsBvCsPuqrDylltlfpIJB0CCb1WXDQuMTq4hrvUcYB7kFad4MDE%2FwzoVDKwaEbTzESUeFAd5KcaKIlF4%2Bes%3D","","fone Bluetooth, cancelamento de ruído, fone para trabalho, concentração"
"Mousepad 90 x 40 cm: o detalhe que organiza o setup","https://raw.githubusercontent.com/FCarvalhoGomes/renda-extra-pinterest/main/pins/06-mousepad-90x40.png","Setup produtivo","","Uma melhoria simples para organizar a mesa e proteger a superfície. Meça o espaço disponível e confira material, acabamento das bordas e espessura. Publicidade: este Pin contém link de afiliado.","https://www.mercadolivre.com.br/social/fernando_carvalho_ti?matt_word=fernando_carvalho_ti&matt_tool=43605886&forceInApp=true&ref=BM5a%2B5qX7UhD7mK3g4WQMHKDwdIM3pNbLunCdOlXbeztzSRoC1AjjkSjBvlKn83NQKz51dE%2BHS%2FoyI1H17WEVy%2FihcqvDxKW%2FA%2BsBj2NfTrv%2BeNGkFLQNVG1KuxEcOLHe40%2FZ84yoo5OqyjZRlGUXOb%2FyIuz66%2Fs8H%2BhkWu8bokMBIbgRHuXzTL1BW5W%2FHZghJDVvA%3D%3D","","mousepad grande, mousepad 90x40, setup organizado, mesa home office"
"UniFi U7 Lite: Wi-Fi discreto para casa ou escritório","https://raw.githubusercontent.com/FCarvalhoGomes/renda-extra-pinterest/main/pins/07-unifiu7.png","Setup produtivo","","O UniFi U7 Lite combina instalação em teto ou parede com visual discreto. É uma opção para ampliar a cobertura em casas, escritórios e pequenos negócios. Antes da compra, confirme a alimentação PoE, a compatibilidade da rede e os acessórios incluídos. Publicidade: este Pin contém link de afiliado.","https://meli.la/1KFb9wA","","access point UniFi U7 Lite, Wi-Fi para escritório, cobertura Wi-Fi, Ubiquiti"
"Galaxy S26 5G com 256 GB e 12 GB RAM: veja os destaques","https://raw.githubusercontent.com/FCarvalhoGomes/renda-extra-pinterest/main/pins/08-galaxy-s26.png","Setup produtivo","","O Galaxy S26 5G reúne 256 GB, 12 GB de RAM e recursos Galaxy AI para produtividade, fotos e uso diário. Antes de comprar, confira a versão anunciada, garantia, câmeras, bateria e acessórios incluídos. Publicidade: este Pin contém link de afiliado.","https://meli.la/1H1CCRJ","","Samsung Galaxy S26 5G, Galaxy S26 256 GB, Galaxy AI, celular Samsung"
"Capa magnética fosca para Galaxy S26: vale a pena?","https://raw.githubusercontent.com/FCarvalhoGomes/renda-extra-pinterest/main/pins/09-capa-galaxy-s26.png","Setup produtivo","","A capa fosca magnética para Galaxy S26 oferece visual discreto, melhor pegada e conexão com acessórios compatíveis. Confirme o modelo exato, a proteção das câmeras e a força do ímã antes de comprar. Publicidade: este Pin contém link de afiliado.","https://meli.la/23KuLb6","","capa magnética Galaxy S26, capa fosca Samsung, acessório Galaxy S26, capa MagSafe"
"Capa magnética para iPhone 17 e 18: proteção sem volume","https://raw.githubusercontent.com/FCarvalhoGomes/renda-extra-pinterest/main/pins/10-capa-iphone-18-pro.png","Setup produtivo","","Esta capa magnética combina acabamento matte, proteção fina e conexão com acessórios compatíveis. No anúncio, selecione a variação correta para seu iPhone 17 ou 18 e confirme os recortes, a proteção das câmeras e a força do ímã. Publicidade: este Pin contém link de afiliado.","https://meli.la/1V5E6qQ","","capa magnética iPhone 17, capa magnética iPhone 18, capa matte iPhone, acessório iPhone"